Tissue_Number,x,y,z,radius,"K01046_lip, TGL2; triacylglycerol lipase [EC:3.1.1.3]"
1,145,130,0,50,788.7
2,145,250,0,50,1114.8
3,145,370,0,50,910.9
4,145,490,0,50,721.9
5,145,610,0,50,689.3
6,160,730,0,50,451
7,155,850,0,50,462.75
8,150,970,0,50,466.25
9,160,1090,0,50,349.125
10,165,1210,0,50,306
11,190,1330,0,50,458.25
12,205,1450,0,50,498.25
13,220,1570,0,50,361.75
14,240,1690,0,50,264.875
15,250,1810,0,50,313.75
